Geo,Year,HHIncomePC.2010,GQIncomePC.2010
PSRC,2018,107071.37261183994,107071.37261183994
PSRC,2050,89707.41087379972,89707.41087379972
