Geo,Year,HHIncomePC.2010,GQIncomePC.2010
PSRC,2018,107071.3726,107071.3726
PSRC,2050,89707.41087,89707.41087
