FwyLaneMi,ArtLaneMi,Year,Geo
2922.2663593490142,10511.010834312357,2018,PSRC
3176.7621998952236,10608.107719956606,2050,PSRC
