Geo,Year,HHIncomePC.2010,GQIncomePC.2010
PSRC,2018,115241.9962,115241.9962
PSRC,2050,88293.30734,88293.30734
