Geo,Year,HhPropIncQ1,HhPropIncQ2,HhPropIncQ3,HhPropIncQ4
530330028001,2018,0.1360153256704981,0.1475095785440613,0.3045977011494253,0.4118773946360153
530330028002,2018,0.15978456014362658,0.16337522441651706,0.34111310592459604,0.3357271095152603
530330028003,2018,0.07597173144876325,0.20848056537102475,0.4293286219081272,0.2862190812720848
530330028004,2018,0.15953307392996108,0.1264591439688716,0.27626459143968873,0.4377431906614786
530330028001,2050,0.24574961360123648,0.23183925811437403,0.28438948995363217,0.23802163833075735
530330028002,2050,0.2958500669344043,0.285140562248996,0.21686746987951808,0.20214190093708165
530330028003,2050,0.19243986254295534,0.24398625429553264,0.29896907216494845,0.2646048109965636
530330028004,2050,0.21172022684310018,0.2684310018903592,0.24763705103969755,0.2722117202268431
