Geo,Year,MixUseProp
530330028001,2018,0.06359649122807018
530330028002,2018,0.09307359307359307
530330028003,2018,0.16666666666666666
530330028004,2018,0.04187192118226601
530330028001,2050,0.08099688473520249
530330028002,2050,0.12935323383084577
530330028003,2050,0.24260355029585798
530330028004,2050,0.09074733096085409
