,Unnamed: 0,Geo,Year,HHIncomePC.2010,GQIncomePC.2010
0,0,PSRC,2018,107071.37261183994,107071.37261183994
1,1,PSRC,2050,89707.41087379972,89707.41087379972
